{
    "$schema": "https://schema.management.azure.com/schemas/2015-01-01/deploymentTemplate.json#",
    "contentVersion": "1.0.0.0",
    "parameters": {
        "vmSku": {
            "type": "string",
            "defaultValue": "Standard_F2s_v2"
        },
        "prefix": {
            "type": "string",
            "defaultValue": "cmb"
        },
        "dnsZoneName": {
            "type": "string",
            "defaultValue": "corp.contoso.com"
        },
        "dnsForwarderAddress": {
            "type": "string",
            "defaultValue": "168.63.129.16"
        },
        "environment": {
            "type": "string",
            "defaultValue": "dev",
            "allowedValues": [
                "dev",
                "test",
                "staging",
                "prod"
            ]
        },
        "subnetId": {
            "type": "string",
            "metadata": {
                "comment": "subnet resourceId i.e. (/subsciptions/SUBSCRIPTION_GUID/resourceGroups/RG_NAME/providers/Microsoft.Network/virtualNetworks/VNET_NAME/subnets/SUBNET_NAME)"
            }
        },
        "adminCredentials": {
            "type": "object",
            "defaultValue": {
                "username": "localadmin",
                "password": "P@ssword123456789"
            }
        },
        "dnsPrivateIp": {
            "type": "string",
            "defaultValue": "10.0.0.4"
        },
        "sasToken": {
            "type": "string",
            "metadata": {
                "comment": "SASToken for dscconfig.zip file in blob storage"
            }
        },
        "tags": {
            "type": "object",
            "defaultValue": {
                "costcentre": "12345",
                "environment": "test"
            }
        },
        "dscConfigArchive": {
            "type": "string",
            "metadata": {
                "comment": "URL to dscconfig.zip file in blob storage"
            }
        },
        "extensionUpdateTag": {
            "type": "string",
            "defaultValue": "[newGuid()]"
        }
    },
    "variables": {
        "vmName": "[concat(parameters('prefix'),'-',parameters('environment'), '-', 'dns')]",
        "nicName": "[concat(variables('vmName'), '-', 'nic')]"
    },
    "resources": [
        {
            "type": "Microsoft.Network/networkInterfaces",
            "name": "[variables('nicName')]",
            "apiVersion": "2018-04-01",
            "location": "[resourceGroup().location]",
            "dependsOn": [],
            "properties": {
                "ipConfigurations": [
                    {
                        "name": "ipconfig1",
                        "properties": {
                            "privateIPAllocationMethod": "Static",
                            "privateIPAddress": "[parameters('dnsPrivateIp')]",
                            "subnet": {
                                "id": "[parameters('subnetId')]"
                            },
                            "primary": true,
                            "privateIPAddressVersion": "IPv4"
                        }
                    }
                ],
                "dnsSettings": {
                    "dnsServers": [],
                    "appliedDnsServers": []
                },
                "enableAcceleratedNetworking": false,
                "enableIPForwarding": false,
                "primary": true,
                "virtualMachine": {
                    "id": "[resourceId('Microsoft.Compute/virtualMachines', variables('vmName'))]"
                }
            }
        },
        {
            "type": "Microsoft.Compute/virtualMachines",
            "name": "[variables('vmName')]",
            "apiVersion": "2017-12-01",
            "location": "[resourceGroup().location]",
            "tags": "[parameters('tags')]",
            "dependsOn": [
                "[variables('nicName')]"
            ],
            "properties": {
                "hardwareProfile": {
                    "vmSize": "[parameters('vmSku')]"
                },
                "storageProfile": {
                    "imageReference": {
                        "publisher": "MicrosoftWindowsServer",
                        "offer": "WindowsServer",
                        "sku": "2016-Datacenter-Server-Core",
                        "version": "latest"
                    },
                    "osDisk": {
                        "osType": "Windows",
                        "name": "[concat(variables('vmName'),'-', 'osDisk')]",
                        "createOption": "FromImage",
                        "caching": "ReadWrite",
                        "managedDisk": {
                            "storageAccountType": "Premium_LRS"
                        },
                        "diskSizeGB": 128
                    },
                    "dataDisks": []
                },
                "osProfile": {
                    "computerName": "[variables('vmname')]",
                    "adminUsername": "[parameters('adminCredentials').userName]",
                    "adminPassword": "[parameters('adminCredentials').password]",
                    "windowsConfiguration": {
                        "provisionVMAgent": true
                    }
                },
                "networkProfile": {
                    "networkInterfaces": [
                        {
                            "id": "[resourceId('Microsoft.Network/networkInterfaces', variables('nicName'))]"
                        }
                    ]
                }
            },
            "resources": [
                {
                    "name": "DNSConfig",
                    "type": "extensions",
                    "apiVersion": "2016-03-30",
                    "location": "[resourceGroup().location]",
                    "dependsOn": [
                        "[resourceId('Microsoft.Compute/virtualMachines', variables('vmName'))]"
                    ],
                    "properties": {
                        "publisher": "Microsoft.Powershell",
                        "type": "DSC",
                        "typeHandlerVersion": "2.77",
                        "autoUpgradeMinorVersion": true,
                        "forceUpdateTag": "[parameters('extensionUpdateTag')]",
                        "settings": {
                            "wmfVersion": "latest",
                            "configuration": {
                                "url": "[parameters('dscConfigArchive')]",
                                "script": "dnsconfig.ps1",
                                "function": "dnsconfig"
                            },
                            "configurationArguments": {
                                "ZoneName": "[parameters('dnsZoneName')]",
                                "AzureForwarder": "[parameters('dnsForwarderAddress')]",
                                "DynamicUpdate": "None"
                            },
                            "configurationData": {},
                            "privacy": {
                                "dataCollection": "enable"
                            },
                            "advancedOptions": {
                                "downloadMappings": {}
                            }
                        },
                        "protectedSettings": {
                            "configurationArguments": {},
                            "configurationUrlSasToken": "[parameters('sasToken')]"
                        }
                    }
                }
            ]
        }
    ],
    "outputs": {}
}